movielenID,movieID,youtubeId
55069,tt1032846,xzitmvuOLKE
57274,tt1038988,YQUkX_XowqI
57368,tt1060277,IvNkGm8mxiM
57532,tt1073498,RY-zJtYYolo
58107,tt1023481,bL2wDI-O5YQ
58146,tt1001562,Z3MFmPjFm-o
58627,tt1023111,2tc-RPjZRm8
59336,tt1012804,uRRTjflCJew
59421,tt1033643,EsO3PfQiXy8
60293,tt1082886,LBewdRfdH4U
60408,tt1064932,_6Mx3HZ4_tI
60766,tt1155592,YW1b3G2MN3Q
60939,tt1027862,LWodSDYgfXA
61071,tt1018785,6gWcI4MkR3A
61236,tt1185616,XbXdwBNkCmk
61246,tt1104733,EOKhaew8ZWc
61253,tt1091751,NLM8Z7qqiXk
61255,tt1031969,QFpOSZIegeg
61348,tt1213644,tihG_2BSUqg
61697,tt1034331,j4C6wLTPM1w
61991,tt1046997,I-cUpdiehsw
62081,tt1059786,_wkqo_Rd3_Q
62344,tt1084950,8tIvMUy8UDs
62434,tt1007028,OssgMY_mkMc
62437,tt1175491,ZdJd5y3mHEU
62439,tt1046163,PsIt1K1C2c4
62577,tt1054588,0Biy-okZ0l8
62586,tt1190617,J2BKVsjtnWs
62733,tt1082868,KoBh5S_aWwk
62849,tt1032755,RBw_jE2EKvQ
63082,tt1010048,AIzbwV7on6Q
63436,tt1132626,WljWVrvGXAE
63479,tt1135985,2xOUCZH14Is
63481,tt1111948,D7EgaQg6QiM
63540,tt1014775,sXvSEVO1Heo
63808,tt1068646,lq5qNzm3w-U
63876,tt1013753,ufhZ2yUHj9Y
63992,tt1099212,yEF61JXHyv0
64114,tt1129423,pOafIB3KqkM
64229,tt1042877,1309MEQ4b30
64614,tt1205489,vLkBUix_D3U
64839,tt1125849,p_TDzemiYu4
64969,tt1068680,rvpsiIe2vBE
65126,tt1024715,jP_IKyx0VjY
65418,tt1152850,pASs3rerRCY
65601,tt1179891,mPMRDqMWKQ4
65802,tt1114740,Ib4VZ1uvP6U
65813,tt1139668,sc3Cba0qOco
66090,tt1020530,-6j3K4MmOKs
66200,tt1103275,8xpmtjOsysM
66203,tt1001508,2c3rxHgfRTo
66509,tt1201167,gMhMQuOIWiQ
66659,tt1142800,61AeW3d3fWo
66665,tt1176740,Hp_ZwQH2nfI
67087,tt1155056,Y6K0h8E6bCI
67193,tt1135487,aGtUiVSD19g
67695,tt1197628,fDzKOdmgd6w
67734,tt1091722,4F--nHysJkw
67867,tt1098327,Vgp4UlXSjBQ
68073,tt1131729,qX1SSiFWF-s
68194,tt1226271,PUKKbJdZdSo
68205,tt1121931,t2koYVqwzT4
68237,tt1182345,twuScTcDP_Q
68793,tt1078912,QCR_fgG0ydY
68952,tt1127180,YEcIzkzj-gI
68954,tt1049413,YOOIK0baLvM
68965,tt1153706,Ayasmk-_g3Y
69122,tt1119646,jj6wcUes1no
69253,tt1095174,_K_JXt8qJqU
69275,tt1278340,p4rU_T8J5Vg
69306,tt1111422,9WTMFghxvXo
69406,tt1041829,RFL8b1p1ELY
69436,tt1045778,4H_Eepvg3aU
69526,tt1055369,qSQ2xcjalHI
69604,tt1178663,Y6Q_TD-P1CM
69640,tt1152836,Ee92mDZu_PI
69644,tt1080016,dP-xFvTIdNk
69712,tt1078588,KGEDVTiI6E4
69757,tt1022603,TNEkwcY7OI0
69951,tt1054606,ZqurzIkLrgs
70093,tt1179258,S_dCJ7NQLxs
70159,tt1148204,2ywOPNNii9w
70183,tt1142988,DvsZtGxsvV0
70286,tt1136608,2huFZpVeZX0
70293,tt1135503,ozRK7VXQl-k
70305,tt1075417,SX2PWpcJlrY
70334,tt1114677,KwOcs1E97_w
70336,tt1046173,MaNs64k_2xw
70361,tt1160368,Mp3Aqe8FrNE
70565,tt1092633,319rv1jhR_Y
70567,tt1185836,wnoNQa_qUm4
70641,tt1151922,ak4Eq8exYDM
70663,tt1032815,7DNNgvnnWLA
70695,tt1045655,IICI7g3jMGI
70728,tt1172570,paa9knyJKrs
70898,tt1142433,011CHXRYabg
70984,tt1127896,TlLD_7k68BM
70994,tt1311067,KXkcgqmKZ2Y
71033,tt1305806,5TjR3pTWk_0
71108,tt1149362,5KJKvvvxY74
71135,tt1188729,PItZ-qr9jG8
71156,tt1234548,LS-jutv-rh0
71205,tt1131734,LCSzYioSeT0
71211,tt1130080,3SooBX1-kIQ
71248,tt1225822,KQrjlWZmM8E
71252,tt1144884,I3s-Ca73utM
71254,tt1034032,P2g94xQmtHw
71268,tt1385912,aRRNoe-Iqxo
71282,tt1286537,IJDGUxqEdYY
71379,tt1179904,F_UxLEqd074
71429,tt1262981,VBzZvAzAMvY
71450,tt1232207,CkTkYQkG13w
71464,tt1019452,92IMQbcHGwE
71466,tt1174730,LIGdleyv8vo
71468,tt1071804,ZBGeErufQdY
71518,tt1172233,RQGPdXnb2Gg
71520,tt1058017,RhRnmyBjOLs
71533,tt1097013,oS_fK7oHB9Y
71535,tt1156398,8m9EVP8X7N8
71537,tt1016075,ua0iO-JQwAg
71571,tt1232783,MbdY3_vLc2k
71579,tt1174732,18WSUR_trdU
71619,tt1035736,isEnyrd2Moc
71668,tt1078940,X4j_NTFos9c
71691,tt1097643,Inc3z-YWE-M
71821,tt1100119,07HEHxnuubI
71838,tt1197624,qsR8-zxV-3E
72011,tt1193138,rTL1FmvVCuA
72129,tt1233227,XKxcf50t1xE
72131,tt1477715,zUniG6F_RzY
72167,tt1300851,h93ezXUz_iU
72224,tt1161418,qdpFpfIBkXc
72294,tt1067106,VZ3lr3urgDU
72378,tt1190080,sFXGrTng0gQ
72393,tt1220198,S_h0CblQ0sg
72405,tt1095217,9_iPKYe8gHI
72407,tt1259571,BNi-ebCWXos
72489,tt1186367,NhYH26KTNbQ
72703,tt1175506,JVm7t1udP-g
72718,tt1087527,ZIuANHUrtcE
72720,tt1315981,Ell2a6o_6lY
72733,tt1057500,kKLDqC0rLIY
72919,tt1314228,i4E05P-Hwt4
72980,tt1068678,gfkPD-yvZko
73015,tt1230414,_O09NjpB4AI
73023,tt1263670,Y0349E7kFEM
73042,tt1231580,3DiQY9nSpX4
73211,tt1226681,H4EoVxwJecM
73290,tt1028532,Y6U7mAnPtw4
73319,tt1216492,DVN17lxkwDg
73321,tt1037705,yAQcwKY0Dik
73587,tt1244668,NLD1PmR4cFU
73860,tt1266029,WzvS78qO0uI
73929,tt1038686,P6p01-in6-k
74075,tt1185266,nmQrcQHD2fg
74131,tt1244659,tZV_bMgB-zA
74156,tt1226273,novy-8EaGFM
74228,tt1187064,17XqBdCiHOI
74275,tt1045772,01dljIcgiMw
74370,tt1172994,6SOur3WwZvM
74416,tt1232776,xf5VOvB5MHA
74458,tt1130884,5iaYLCiq5RM
74480,tt1049405,k9bQGWqfHS0
74488,tt1235796,hO0B_saqOLY
74532,tt1385867,NAH8qgVY9jE
74545,tt1139328,R_a642mh5-8
74580,tt1273678,yrrkQFf6QvI
74582,tt1220628,FXTmNApNrxM
74595,tt1210039,XQlrfwWzfak
74624,tt1186830,RbuEhwselE0
74647,tt1220220,3t1wAAO9x6U
74653,tt1075419,tY0jZIeuFAc
74750,tt1245112,XPNY-94UfG4
74787,tt1188996,JEpqz33vKus
74789,tt1014759,pMiCJefpn9Q
74827,tt1077262,8y6ExnSrggc
74851,tt1179034,-jAbatBqqSc
74944,tt1210042,sI_HAfB0Fsk
74948,tt1289406,I2S3SraFmI0
75341,tt1403981,IMBfTdm9ALk
75425,tt1134854,V_ELfwOkOps
75803,tt1305583,wKfmsOfYNh8
75805,tt1038919,tOGRLdlWHT4
75985,tt1053424,jl9Nvg4yuus
76077,tt1231587,HszVQgs4e_c
76079,tt1352824,-YIcbLz4-Ww
76173,tt1149361,TjKW0tG7I8s
76210,tt1303828,1Kg8HFQ1xP4
76251,tt1250777,yxbjexP3Isc
76293,tt1279935,aspBKFz2dBI
76729,tt1281374,cDJi2d_iSlk
76763,tt1017451,OTpdXKocacQ
77206,tt1196141,T1x0bYr0bgY
77240,tt1226236,TZBrWVvn9xA
77307,tt1379182,QFtDzK64-pk
77316,tt1124052,9td_3P3w1S4
77328,tt1259574,vQnBJuskguE
77414,tt1294226,c5U3MuBXALg
77421,tt1336617,lMw0kLmuHOE
77561,tt1228705,BoohRoVA9WQ
77665,tt1392197,AXXzwy7lDtI
77667,tt1470023,PKYrghKwu2E
77672,tt1106860,AzWQBq_Xltk
77800,tt1341167,yGk2TojOd-4
78039,tt1120985,3oiY7W7nDeE
78041,tt1103153,NXX51rOSHuE
78088,tt1462758,4CCXSG1WSwY
78174,tt1261945,Djz0q-GeboM
78209,tt1226229,PQDb6-W0Grs
78264,tt1212436,cut4IW0oz1w
78266,tt1017460,lDB7bnl7nQQ
78349,tt1258197,f8bTs6HKiqI
78467,tt1075747,3Ppqbnhp7PI
78574,tt1399683,bE_X2pDRXyY
78640,tt1007018,qL6Kyxe3b70
78655,tt1337057,VSRSoncoV4k
78772,tt1325004,hZxJzhIPTTg
78774,tt1294213,lm95_LnjUJQ
78836,tt1191111,JJkPLYmUyzg
78838,tt1034302,8-wydX3NV6s
79057,tt1424381,1Er_EeF2Ozc
79091,tt1323594,RXZY_XRjABs
79132,tt1375666,xitHF0IPJSQ
79134,tt1375670,bZMyY0WuwyY
79185,tt1013743,r73tMMDKjas
79187,tt1226232,TfjNuq9Yq3s
79226,tt1247662,3rE3mPAtnWA
79430,tt1484522,m76isUF49P8
79463,tt1415283,hicMZpkl9-w
79541,tt1264904,t2mfwvWCsfI
79588,tt1438254,MzgOvvMi8Lg
79592,tt1386588,D6WOoUG1eNo
79695,tt1320253,C6RU5y2fU6s
79723,tt1294161,GDKekhR9TdU
79796,tt1020558,yiQCofKrYAI
79897,tt1194263,C25TG5kLJGw
79929,tt1346961,uqTO48onuC8
79946,tt1285309,n2Y3GoN2PGw
79972,tt1183672,GIi78KFPPXU
79994,tt1156143,f6p73NwAcAs
80094,tt1320244,RtbqExFDFZ4
80126,tt1440728,hPYRslx1w4Y
80222,tt1193631,TZe1Qz2twbE
80241,tt1322312,1PHW-pyURHo
80350,tt1666186,Gw1oGbdXzoU
80363,tt1220634,9dc5iiT0f1s
80463,tt1285016,2RB3edZyeYw
80549,tt1282140,KNbPnqyvItk
80590,tt1027718,q7j8leLG8fc
80615,tt1219342,huRnGh-NWGM
80617,tt1287468,jK6suPB_vTk
80655,tt1562847,51wXFWq2mqo
80763,tt1276105,MSKXGUxUN8U
80831,tt1228987,8h39ikMdei4
80839,tt1028576,UKmuvjL2cVw
80846,tt1314655,bITfOdMmRY8
80858,tt1414382,S1-UMzt9e34
80864,tt1182350,ATfAzFah3aQ
80880,tt1423995,evhh3NE3fyw
80906,tt1645089,FzrBurlJUNk
80917,tt1470827,njeofv4dr9Q
80947,tt1148165,RnGRdaX594k
80969,tt1334260,sXiRZhDEo8A
81132,tt1612774,6G5pyFhmAqE
81156,tt1116184,fKwjU_pSSW4
81164,tt1085779,WYaeZLQ5YLE
81195,tt1003034,E6eWd2RKUkY
81229,tt1245526,-JZ_moituIo
81385,tt1588337,6tsnPmmVYx4
81417,tt1536044,07XbSk7Rjt4
81512,tt1212419,xDnHfQtH0zU
81535,tt1477076,xC7yCELivB8
81537,tt1231583,ABeKWdKCbu8
81562,tt1542344,OlhLOWTnVoQ
81564,tt1001526,6CJUQr4Vs40
81629,tt1333668,cYkT_GndKtE
81637,tt1230204,ZAg-6UCKrs4
81784,tt1126618,s9lWUqraDoU
81788,tt1458175,lti0vfCPZns
81791,tt1421051,C9n9hP_LtL8
81804,tt1235189,PmS3ePcA6VU
81817,tt1321865,H3QkM7uyF10
81819,tt1164999,m_OrqZQV8p8
81845,tt1504320,P0ppBlL2lC4
82005,tt1361313,hoytqeoM5uc
82022,tt1320291,0UD2gbjB3vw
82041,tt1316536,Cb5BFm4qIow
82053,tt1194417,5yNDM9H0z8o
82095,tt1564585,qdOGJi5Sne4
82152,tt1152398,Neo6W1f7hyY
82173,tt1570989,PF_jWPJwKIE
82202,tt1243957,GrqpKEOF8uw
82378,tt1175709,B7_VwoZKPRM
82459,tt1403865,unEO_p71cik
82461,tt1104001,L9szn1QQfas
82463,tt1431181,ilv0aVRJPps
82499,tt1341188,8u_gSd9eIO8
82527,tt1423894,nsfjXNMQt8I
82589,tt1121977,H87uMXAQzjc
82744,tt1433108,Buf4_Crt27c
82854,tt1320261,7OT0ER77SGE
83082,tt1071812,RgZjaxrnlPc
83086,tt1126591,1PiPYAz7f0Q
83134,tt1465522,m6Apg2SNGFo
83177,tt1302067,7TX2jEdwX2c
83270,tt1371155,DZ509hHkHO8
83374,tt1032751,0Z8xYMomsDc
83910,tt1578275,TU8JFk7aXyA
84189,tt1242432,oOxSvFKrHew
84242,tt1183923,HlSPOzQG-Uk
84262,tt1148200,6PlqNRNEuWU
84374,tt1411238,Ubfcfs98MBw
84392,tt1189340,xU4ReVEemN0
84395,tt1161864,_hG3ktopqv8
84532,tt1405500,sDWU_cFU9ZA
84570,tt1555064,GOLzfxrgvKM
84601,tt1401152,uakoUpfoWfA
84615,tt1477837,f9VspqcwtJQ
84772,tt1092026,IyJo6ESSiMY
84942,tt1502404,O2-hiHUh4UQ
84944,tt1192628,k-OOfW6wWyQ
84954,tt1385826,fSeWHl1PaKs
84957,tt1274300,ZdpQcFdfXdY
85056,tt1464540,DdA0CrY1xks
85131,tt1217613,vXJJ6fUHNk8
85261,tt1305591,JWYVQzG0rYk
85367,tt1564367,Jz5Ubqhru7g
85397,tt1486185,PM8V3cHdSC4
85399,tt1464174,o4rdlG6odfk
85401,tt1512235,eL57ncw2jr8
85412,tt1740707,vy2nAOdBUlw
85763,tt1418646,uYOpCJCl5L4
85788,tt1591095,E1YbOMDI59k
85790,tt1518812,5rhNrz2hX_o
85796,tt1640459,ssHEAOrAdCU
86014,tt1650043,ZbqqYuG1TCM
86059,tt1411704,Z7M3ofz3TvA
86244,tt1291652,3k8dCOoYhE0
86295,tt1262416,rdF6JTrTQsg
86298,tt1436562,P1GRO31ve5Q
86320,tt1527186,wzD0U841LRM
86548,tt1067583,CFxM3M0mwHM
86578,tt1646974,wFWyEzKDEu4
86624,tt1428556,LMGBQDpfLnc
86644,tt1596343,uSDNZeRX_1Y
86781,tt1255953,0nycksytL1A
86815,tt1596346,MWeOjBCi3c4
86833,tt1478338,FNppLrmdyug
86852,tt1321860,JQUVlxzGYYs
86880,tt1298650,aKCSNiCzUSA
86882,tt1605783,FAfR8omt-CY
86911,tt1411697,9xXBjtAGIzE
87028,tt1265990,7NX30f8b1Oo
87079,tt1529572,dIi3pOUY6xE
87168,tt1014774,BYdEm9IdwDo
87192,tt1478964,cD0gm7dHKKc
87222,tt1302011,YdaMGcOyfjM
87232,tt1270798,o8ccSiH4olo
87234,tt1440292,P-WCCdkVDr4
87298,tt1531663,MZC-s2oNLT0
87304,tt1532503,rXUFUp6vsxg
87306,tt1650062,Qt0TMMYsWOg
87430,tt1133985,W7w07MLhhb4
87483,tt1396218,GBVTtaJbMUI
87485,tt1284575,l3XVW676Rus
87499,tt1391137,H0IgfAs3tWg
87520,tt1399103,3H8bnKdf654
87522,tt1583420,1UNtrqRG7GA
87529,tt1240982,FplWxtPzWY8
87785,tt1135084,0DItbZIVKhk
87790,tt1517177,45C5lFxD6mk
87867,tt1222817,ak-pN_ZwvG4
87869,tt1499658,dt0e-TmfPQg
87876,tt1216475,wmd-qmO_wFI
87964,tt1247644,uEeDVtSPO_w
87973,tt1074191,duVAwNkux08
88108,tt1067774,Rxm_bVVhbr8
88118,tt1334553,DVqMrcakPg0
88138,tt1541995,Aa93drpm30E
88163,tt1570728,uGstgE0XnV8
88179,tt1563738,zVuuooZqVaU
88192,tt1014806,fbJOR5XHSN8
88194,tt1147684,vGEK83CZ5Bw
88235,tt1540133,iJxBKglv2zw
88237,tt1509803,dqWEE6HBhuo
88267,tt1449283,hRT86ZggCEk
88380,tt1013860,_mqp4QA9Om0
88405,tt1632708,1IH9izEZf5E
88423,tt1314190,AYLVNf7OM-w
88468,tt1213012,0fMow1FdboY
88672,tt1637706,CfyHY58lqCk
88690,tt1756851,xP7cQnOcU7I
88692,tt1185344,9_l0XK43IZE
88744,tt1318514,EbCoDf44oCE
88785,tt1488555,43Qc70ZeMFw
88810,tt1454029,l0dWCXCjX9o
88812,tt1622547,8oLOLTc6Qzc
88835,tt1922612,NQ84hXdoZMg
88932,tt1622979,tvioZFVD98A
88934,tt1150947,24QX4Jb-BtE
88954,tt1268799,DkxleZ-SpFs
89002,tt1517489,ZkMbeM7hl40
89028,tt1270761,3kLU13UN7Zo
89030,tt1438176,txgGhyjPZGg
89039,tt1549572,QlPfAYpnpuw
89047,tt1403177,HXKRKpvv3SU
89072,tt1464580,zNC2HwAaWWE
89074,tt1743720,T4Ng2P3zxfM
89085,tt1226753,O5w8PurIFkk
89087,tt1657507,ctcNn-oCDZU
89102,tt1152822,iqJAzo44Vnk
89194,tt1604171,VGCtgUNgZKs
89327,tt1125929,Or9cEl60BLo
89369,tt1554091,uaLSBdL-zCY
89388,tt1742650,BjQIv1KI59s
89427,tt1633356,nDmLLGTQlXY
89470,tt1598778,4sYSyuuLk5g
89492,tt1210166,AiAHlZVgXjk
89535,tt1508675,BpAFPgNyxmc
89650,tt1233301,2Ebfqkv2Yg8
89753,tt1340800,VW-F1H-Nonk
89759,tt1832382,B2Sswx_vrWk
89761,tt1571222,664eq7BXQcM
89774,tt1291584,I5kzcwcQA1Q
89804,tt1124035,pV-50ay79mk
89837,tt1788391,aqkqF--v1tg
89840,tt1448755,8F1wrDsUqYc
89864,tt1306980,FxhpahMKt4Q
89904,tt1655442,OK7pfLlsUQM
89997,tt1684628,aD7wieh-m-0
90057,tt1675192,I5U4TtYpKIc
90355,tt1981703,tW9w8nY73-M
90374,tt1441326,0_k3wCsOgqk
90376,tt1242460,ZLRgAe2jLaw
90403,tt1509767,bhXPhTekVCo
90405,tt1637688,xhYUaR5QiUs
90421,tt1233192,-cpUIf2QH3c
90430,tt1692486,ON3kwJPwcMU
90439,tt1615147,Y2DqFRsPrns
90469,tt1778304,GuPCP7yzqc8
90474,tt1661420,ZCCjGBkXc38
90522,tt1634122,wCsSzZU-sQ4
90524,tt1600195,CEVkp5Je7m0
90531,tt1723811,24cjqfVv1fs
90578,tt1462041,XFxIYqcmRxc
90600,tt1614989,I7F6vru1n6w
90624,tt1586752,BTvoaaE98DE
90645,tt1521197,uBmnkk0QW3Q
90719,tt1616195,vD99zwj-ZUg
90751,tt1535612,7U9OslXVjdM
90769,tt1510934,VH6VqnHS_3I
90868,tt1562568,vh93pheDAns
90888,tt1253864,7VdONYkKFmQ
90914,tt1270262,qhlQOg9abRk
91010,tt1719071,TRz-196Cizo
91077,tt1033575,CWHNXJ1K4yA
91079,tt1758692,r-ZV-bwZmBw
91094,tt1204342,Mq5LfuvRBVM
91126,tt1568911,d6Ru9Y9Xwjg
91134,tt1655420,NeHDZODFKNw
91199,tt1714210,kN_Np-Xv6xI
91290,tt1668200,w182qmadmbk
91323,tt1366344,IksgHqHD0tw
91386,tt1402488,gKWNUyTGqss
91414,tt1430607,7tk-WZSqIGQ
91483,tt1308729,kAqs_W7z7nM
91485,tt1764651,ip_CYHdyUBs
91500,tt1392170,mfmrPu43DF8
91505,tt1216520,Sdqcmqfhciw
91529,tt1345836,z5Humz3ONgk
91535,tt1194173,43WTCO8-C4w
91542,tt1515091,QU0SEeQJy0c
91571,tt1372686,bsYrGIQnmxo
91622,tt1625346,Ar_-v7dEEoo
91628,tt1598822,hvS1G-Q-7TI
91630,tt1229238,V0LQnQSrC-g
91653,tt1389137,brbzw0ZJGlI
91658,tt1568346,YKWXEfXGWtA
91660,tt1093357,aI7AKqOZYV0
91671,tt1615918,-dOc_fqmcZo
91673,tt1602098,dPZmSTlokR0
91688,tt1251743,TYiYHfciJwE
91707,tt1714209,wDBU8CqU0dg
91826,tt1151410,7MaVhGSX33M
91829,tt1880418,WESDw95RiWk
91831,tt1560985,01ZiLi4i_fM
91842,tt1524137,thQlU8wdCZE
91873,tt1710396,s91JIFWvgKE
91886,tt1564349,Jdpg9NsgEaI
91890,tt1007029,IKPltuiEVJ8
91972,tt1535616,J-nMCYEtyv4
91974,tt1496025,10XcgIjebkM
91976,tt1601913,Hfb0-U0ydj8
91978,tt1568338,YWSdm4K-9_0
92008,tt1506999,OpffbDjWlog
92192,tt1772240,4RGhKzUUaME
92243,tt1410063,MV5rw3oTJMw
92264,tt1598828,XC74e0VerUg
92309,tt1594562,endLt6cX0fk
92335,tt1430615,Qv-mWQUoXOg
92391,tt1703199,Qn3fDvUXFps
92420,tt1706593,i-M5Qx57_UU
92422,tt1596365,7lReemWmO5o
92439,tt1645080,tueRW54vj4Y
92448,tt1411664,cRT93a8xE5s
92507,tt1599348,oWzTOoOpFa8
92509,tt1606389,8swF2-R6X9A
92665,tt1996264,MhPcDTkiUFU
92681,tt1397514,iBSYxd38eic
92719,tt1855401,qnRS2p4f7-c
92804,tt1403130,Kf1l4KapO6I
92938,tt1071875,pOvfmpgbzHI
93061,tt1720182,3cBt6t8VV_Q
93128,tt1653911,g3Nv77gOR8o
93164,tt1437358,1sMBbvc2o_M
93265,tt1630036,i9VT_NBIVfs
93270,tt1636826,1Rl1TJG17Wk
93287,tt1053810,JCBAP2wId5M
93297,tt1591479,0v1Ef_iD29Q
93326,tt1596350,oleuD8479uM
93475,tt1687901,O5inmkkAOy0
93510,tt1232829,ISJR4rVO0TQ
93512,tt1588334,kctOpTQtyUg
93563,tt1592525,zLTOzu8N1Pg
93578,tt1422136,MhfbdaQ_ub0
93693,tt1702425,seIvjLgKrx8
93723,tt1667307,5yJfVnmd6BI
93766,tt1646987,6zfBS_0GI-s
93819,tt1610996,aa1UJLqYeBU
93831,tt1605630,1akixU65dDY
93838,tt1899353,PkULMOFpuCo
93840,tt1259521,F1hOmo94bUA
93946,tt1726589,93zM_4SugMI
93954,tt1767382,6yLD4km_d1I
93982,tt1486192,CBO22vo5zt4
94015,tt1667353,j3hFD9xqTCU
94018,tt1440129,cp3646Zf8rg
94070,tt1412386,N-v2Utju3bE
94266,tt1195478,9L1IM78Vy-A
94323,tt1621045,F7VmU8aHAtw
94325,tt1327194,OQtFST3XEQQ
94405,tt1656190,LV53rr3wb7A
94439,tt1640484,D90GKozn-Xg
94478,tt1077368,4cVcpz8H3Pk
94558,tt1534085,Q1ertVYn750
94661,tt1434447,TJZzTMaNx0E
94677,tt1645170,cYplvwBvGA4
94748,tt1034324,Y_VXhJCetwc
94777,tt1409024,IyaFEBI_L24
94780,tt1735898,VY67V0wOlz8
94799,tt1748207,U8xElfWyexo
94813,tt1991245,Pq47T48u8Zo
94833,tt1430626,EYuEBOCDzUY
94864,tt1446714,HHcHYisZFLU
94896,tt1704573,d8SlvooqgAw
94953,tt1655460,8Wg4VvOcYho
94959,tt1748122,47XEtPrjVto
94965,tt1316616,z17OEqbrOOQ
94998,tt1486193,PncCa_fnZKs
95088,tt1862079,xE94RKIE7xQ
95105,tt1277953,PlkWVkpP59U
95133,tt1629705,eWltDO4nKyQ
95135,tt1742336,ko5r9GFjzKw
95167,tt1217209,TEHWDA_6e3M
95199,tt1586265,5cFkmacncGY
95201,tt1859650,dZcip9HY1Pw
95207,tt1611224,MmexgVvm4o8
95237,tt1701990,K6q9v_ak40w
95296,tt1566501,3KiagxENUv4
95307,tt1336608,JftYuqWGYD0
95309,tt1307068,EmXWcXKXWBk
95441,tt1637725,9fbo_pQvU7M
95449,tt1915581,D07XjD5L_e8
95543,tt1667889,DjGf2v2Z-3E
95558,tt2125435,pvqZzSMIZa0
95583,tt1615065,8imzQaoEwsA
95611,tt1450328,6DRvfVbnUrg
95670,tt2215285,Q-Ni-ggMIhs
95690,tt1568341,hNae-InUJ74
95720,tt1298649,hbHtDeLCWrw
95761,tt1726669,E0MfWiEqgyE
96079,tt1074638,6kw1UVovByw
96110,tt1790886,omcm3VCVpag
96121,tt1535438,tjymM95UWlc
96281,tt1623288,xwTBXDHIKYY
96283,tt2023453,NbnTf8MB8LI
96314,tt1405365,BjxbVmxgY-Q
96367,tt2097307,9FyKg1w23Rc
96417,tt1547234,Pn6ie1zCkZU
96430,tt1462769,mMSkbH0LuTc
96501,tt1440232,WyCtRXWz4Cs
96510,tt1433822,WYELiw9nvnE
96565,tt1920849,LIRe-sAoY7E
96567,tt1840417,gjmrDDD9o_k
96588,tt1981677,rIzH7yTvdTE
96590,tt1366365,f5-ggQheM1E
96610,tt1276104,0uIWGOKW5OM
96612,tt1971352,cDat96UyT5A
96616,tt1232200,MAT1SmITnNE
96655,tt1990314,a_gAJk_CfPI
96691,tt1855325,x-qYzamoVDE
96693,tt2083383,fTHSqutzOcQ
96728,tt1560747,fJ1O1vb9AUU
96737,tt1343727,PifvRiHVSCY
96751,tt1764183,UmJSV9ePx7c
96753,tt1758575,GOglQgyxYkI
96811,tt1855199,mf2K9GzgiF0
96821,tt1659337,QE7CGX1d6LU
96829,tt2106476,9Umv4CyxTdg
96832,tt2076220,sVsAixfCL4Q
96849,tt1876451,JBXGhbpMMrw
96857,tt1748179,IzDOkA6O6rE
96861,tt1397280,VpaT8NzkLgE
96917,tt1582507,3Xd2ceHDd-g
96941,tt2247692,gRbqMGtvQD0
96975,tt1592873,4P6mXZzY9nc
97059,tt2215719,Q1tDT852GGk
97172,tt1142977,XBfcGLBJ2Uc
97188,tt1922777,pgYxydrVlDk
97304,tt1024648,Zshg1jEH9tI
97306,tt1931533,jsHR77oQKEY
97324,tt1985017,AF9QT43uDQU
97615,tt1130087,hjQYsoMADqs
97701,tt2109184,g4yp2t7Doac
97742,tt1712170,MbBkLDBRgo8
97752,tt1371111,6kkLxrhYxnc
97832,tt1629757,bBF1U1LHJ1o
97836,tt1648179,M4L6ruTF5qE
97860,tt1764234,oJGfnSm7dHs
97868,tt1606829,VlEYzY_haD8
97870,tt1866249,Fy2y7UIpgP4
97913,tt1772341,JPSQOomMWro
97921,tt1045658,4sDljwL1KyM
97923,tt1907668,xnVNNR6CEOE
97936,tt1781769,rPGLRO3fZnQ
97950,tt1258972,c2NrQtMajP8
97966,tt1438173,rYPgrotVpzc
97986,tt1870529,lvYPxZpstkE
98054,tt1656186,rpMxOjUjweA
98056,tt1602620,VMOugpyFf3A
98122,tt1942884,GhaT78i1x2M
98175,tt1545106,I22Lqr9IRKY
98203,tt1673434,D9vg9eOcveI
98243,tt1446192,aPLiBxhoug0
98296,tt1667310,1IWaBAwTf2U
98373,tt1800741,UhDJJNgc1EA
98755,tt1772230,dxra5TvaE5c
98961,tt1790885,EYFhFYoDAo4
98975,tt2099556,TcJTd69dMyQ
99007,tt1588173,3oG49vz_0ro
99087,tt1540128,YZeS6nyuEpw
99106,tt1694020,gXu3nfQ5qTE
99114,tt1853728,22kz8C9glCk
99117,tt1758830,gxkNuHrS6cg
99143,tt1792647,phLl1JWNVw4
99145,tt1649419,Bgw394ZKsis
99149,tt1707386,xk5UStefYmE
99220,tt1441951,cNYJZbci31c
99335,tt2205401,ZdZ0lUxunbA
99415,tt1047540,1QdQtYCqzqk
99470,tt1748227,n08aIH-Bhcc
99574,tt2091473,Vo2_euNVUd4
99721,tt1572315,XO9vXTMvzL0
99728,tt1321870,Kb9b5lE3p_g
99750,tt1491044,CJIXOx2-GZ8
99787,tt2243537,zhwMHOJq3uc
99813,tt2166834,MUyQlvdbANQ
99910,tt1549920,k1wCAsZ9Jb0
99912,tt2023587,GZlY47eCdas
99957,tt1235522,Q3HgYu1atOo
100038,tt1211890,Nlt9i4gfS48
100083,tt1333125,RrvFBjsglA4
100108,tt1904996,VYXhgshqyGg
100163,tt1428538,2sYngYYVNmE
100180,tt1584131,J55mITbiCHY
100244,tt1869716,gHpT9B7e7-Q
100356,tt1937264,gOP3Uicg04U
100359,tt1457765,Vt_TnDqAYGc
100383,tt2053463,kJ6Odc0nkf0
100390,tt2024432,uO12W35DpsQ
100436,tt2309788,Kpk71yrQUQM
100452,tt1147687,0YjAFH3nTUo
100487,tt1559547,r9rjhB7KWEc
100498,tt1606378,7EgVRvG2mM0
100507,tt1711425,p260x71ppzE
100527,tt1702439,Jpw12dZvGII
100556,tt2375605,EriCgEStTCc
100714,tt2209418,Kv6JWoVKlGY
101025,tt1351685,bXAwGb6_nEE
101060,tt2034139,BySJLmciR5E
101076,tt1583421,bz24m8jAMHM
101088,tt1682180,YuhpCPtSgas
101112,tt1623205,yyywumlnhdw
101137,tt2101341,6WKmnAcMTKM
101220,tt1781784,fZOMnlkPB5w
101285,tt2101441,oaeVPdsVkyA
101294,tt2070597,xKjBRWh5RdE
101301,tt2363439,PbLES5UHG5w
101360,tt1911644,SzesOOwEI14
101362,tt2302755,vwx1f0kyNwI
101525,tt1817273,zhb2F5df4Vg
101529,tt1935902,g30KBZ4m61Y
101577,tt1517260,XpTUYr-0ay4
101612,tt1814621,vLe3qu-PlHg
101739,tt1288558,FKFDkpHCQz4
101741,tt1924429,976y9Xm6BkY
101765,tt1986843,3-ykIh-9mJA
101864,tt1483013,UsjdRsrR6cs
102033,tt1980209,SEQ8jyvmYtw
102064,tt2051894,Se3L51jHIos
102070,tt1525366,4e3izWdh9WM
102088,tt1462900,Tnh7GofhLHs
102123,tt1245492,Yma-g4gTwlE
102125,tt1300854,YLorLVa95Xo
102194,tt1935179,KFBC8ohhVUs
102245,tt1272886,baKwCGA6cqU
102407,tt1343092,ozkOhXmijtk
102445,tt1408101,MPLogYa9Q0o
102481,tt2234155,cdnoqCViqUo
102684,tt1602613,HEFCN4qaYt4
102760,tt1489167,x6gaBc-O_4A
102800,tt2347569,WqMaeBtK9TA
102802,tt1731697,Y606RoSur8o
102880,tt1815862,CZIt20emgLY
102903,tt1670345,VXuQDNdbd5E
102993,tt1727388,OwNo1i3jkCo
103055,tt1931435,nFQvqGtuAKg
103075,tt2184339,_eFmi1E3s3w
103107,tt2396566,tWyUJcA8Zfo
103141,tt1453405,JbeFIfS8uno
103219,tt2103217,OHPXeWpION8
103228,tt1663662,zA92Rw6kNWw
103235,tt1924396,zJGleGyahC8
103253,tt1535108,oIBtePb-dGY
103335,tt1690953,yM9sKpQOuEw
103339,tt2334879,_Q5vABZe7mc
103341,tt1213663,n__1Y-N5tQk
103372,tt2404463,PF5FjuSYU_0
103384,tt1210819,LoVhgaj6PiE
103539,tt1714206,XDTBLSkUmYk
103596,tt2724064,iwsqFR5bh6Q
103624,tt2334649,CxUG-FjefDk
103688,tt1457767,Vjk2So3KvSQ
103755,tt1860353,d-4BkPUQ1ZE
103772,tt1430132,Rh1LdTFkm7I
103801,tt2265398,wxuxkQF7Bak
103810,tt1821694,KGQHeW5tUC8
103819,tt2234025,MagOLStZWvs
103883,tt1272878,v2ba2EXqk9w
103978,tt1730687,48tbNVLrTZA
103980,tt2334873,t0O2XsTxe3o
103984,tt2358891,Dyt430YkQn0
103996,tt2292959,AENDAxKLxLY
104074,tt1854564,aLBWNAgQgtk
104076,tt2017020,NVcSNnqRD0c
104211,tt1723121,IikrJH8P9Dw
104218,tt2191701,YhOWtVElqfw
104241,tt1650554,qc6tL8cd9KQ
104243,tt1411250,zH3O-CeZckE
104312,tt1538403,hc4CiTvQ-YE
104337,tt1327773,eZ4xDTz8Avc
104374,tt2194499,7OIFdWk83no
104408,tt1838722,gJuuz1LHhRM
104441,tt2005374,vPrST9Da7fc
104590,tt1153040,iF8wk5Y0dUY
104631,tt2103267,_KWyEbmKHsY
104712,tt2378281,-rlFr2lu0IY
104728,tt2515086,mvl-YyGRXmA
104760,tt2167202,hM7BB16PkAw
104841,tt1454468,epHKc6O7LqQ
104879,tt1392214,bpXfcTF6iVk
104881,tt1206543,Gw0qH34cbRE
104908,tt2226417,fBbi4NeebAk
104913,tt1979320,yYiZbWyYey0
104923,tt1798291,TrLlYqX5MkA
105037,tt1758795,UKGigK17eSs
105086,tt1532958,QibqRB9Gs9k
105121,tt1844203,YadOlYY_3ko
105157,tt1874789,q4x6YdEAgMM
105197,tt1821549,UT5tqPojMtg
105211,tt2390361,TohdQX5-zzI
105213,tt2229499,2A63Ly0Pvpk
105248,tt2172935,fO4KEAv-R1U
105351,tt2364841,L2INdFpHPpQ
105468,tt1985966,ApsOmSXMHNY
105504,tt1535109,eruwOiHoTTo
105585,tt2002718,TYSsoc5_uek
105620,tt1171222,X9JwZRQXzNQ
105630,tt2126362,b_auEe1yU3M
105653,tt1211956,CI4EjV_x_PQ
105715,tt1407061,ZHYSeSAXQf4
105731,tt1939659,mRlTfHed4jk
105742,tt1837703,ZT1wb8_tcYU
105755,tt2193215,sitiAk4WLQ8
105801,tt2187884,1nfU_5NWBoE
105844,tt2024544,v2fDTOdWuQQ
105954,tt2017038,0lUJ89w3bBI
106002,tt1731141,vP0cUBi4hwE
106030,tt1709143,Ae3vglKCtdo
106062,tt3063516,_MSrAwfagG4
106072,tt1981115,npvJ9FTgZbM
106240,tt1621039,UhxSOkTFGvo
106330,tt1204975,TvK3m0wJutI
106438,tt2431286,4DBPqcp6Hc4
106443,tt2083355,EfThSleEfVM
106450,tt1085382,icqZ-9qobss
106452,tt2718492,25sV5zhdn1A
106487,tt1951264,jyPnQw_Lqds
106489,tt1170358,BcB0znwAdmg
106491,tt1335975,DEoDulGTElE
106540,tt2387559,DL_RDUaLpMw
106696,tt2294629,TbQm5doF_Uc
106766,tt2042568,l9DFAyYaNtI
106785,tt2312718,tjSOj8b804U
106839,tt2304771,5GsjsUa7Cbs
106841,tt1322269,9Hd_uO72h1s
106883,tt1462901,A-1NN9LBQt0
106916,tt1800241,3PR2lDTpRak
106920,tt1798709,ne6p6MfLBxc
107069,tt1091191,yoLFk4JK_RM
107141,tt2140373,nijccxWvyXU
107217,tt1041804,PI7fecS5_L4
107348,tt1229340,eJxWEcU_MOo
107406,tt1706620,7dd4pogcc4Y
107537,tt1879030,dUkCaPW8xCM
107557,tt1663143,6pRH21jmttg
107702,tt1661382,1bQSOBJCPQE
107769,tt2473682,J6DYsGTMkCU
107883,tt2350496,lJxLudSPxsQ
107958,tt1634003,aymhLsyy3TY
107980,tt2058107,ksrkKXoEJbM
108054,tt3155604,11SNBxk9-z4
108156,tt1408253,pXJDIheyXfQ
108188,tt1205537,0IX3Imm4osM
108190,tt1840309,7vp-vAX33QI
108220,tt2486682,twB2zAOzsKE
108243,tt2752758,V6aRL3e1lIc
108280,tt1930294,kpNQRPqnDU0
108514,tt2178470,16uUd5cFrzM
108540,tt1816518,UJ1rmOYLr2U
108599,tt2011276,AJ6oc07wCNM
108689,tt1418377,7z70kmt3FHk
108780,tt1967545,pn9UQw07hbo
108825,tt1981107,wjOYX_a8GXw
108928,tt2177771,Y8tz8YeCz1s
108932,tt1490017,lPnY2NjSjrg
108945,tt1234721,7PAOsS3HM78
109072,tt1742334,dSOGletrSSk
109189,tt2318092,TRXGch6675Q
109191,tt1837709,jjka3gpm7QU
109243,tt2382396,3WPLVEUx5AU
109372,tt1826590,nNZFE3z0T7E
109374,tt2278388,1Fg5iWmQjwk
109483,tt1800246,wRcVgJjnFLo
109569,tt2172934,J9q8qndzEKs
109578,tt2024469,XSF6GPNXr9Y
109673,tt1253863,jGEERBDelH8
109740,tt2910274,r2GN3wdfqbA
109742,tt2389182,fPiw3GDDgcc
109848,tt1441395,NoSWbyvdhHw
109850,tt2369135,_qNuzvzEbNM
109895,tt2170299,pWibxfADyRc
109897,tt3210686,WcIXCok9HPg
110039,tt2668134,qw6yApBMH2U
110102,tt1843866,tbayiPxkUMM
110127,tt1959490,A2sGw3w8_HA
110130,tt1821658,fq4qP2oSpIA
110295,tt1043726,g0GMzQwO2l0
110297,tt2281587,Vcw2Aje5KU0
110322,tt2402105,u1izaIH269E
110346,tt1747958,ONz6R4LF5nY
110453,tt2223990,K3SlVsdUuBY
110553,tt1872181,DlM2CWNTQ84
110591,tt2388715,TTcD1TVupzs
110655,tt2357291,leJuOObuCxM
110730,tt2209764,QheoYw1BKJ4
110750,tt1929263,llZK6TzrqnU
110771,tt2203939,oDcaZ3StTfI
110773,tt2828996,eCoUI65-BLM
110826,tt1430612,5hBpbhWLFbA
110968,tt1921064,t6TRwfxDICM
111113,tt2004420,vP9QCAcGy7Y
111251,tt1951181,_j0tCnselfY
111320,tt3014666,Leb6Vnhbp1A
111360,tt2872732,bN7ksFEVO9U
111362,tt1877832,gsjtg7m1MMM
111384,tt2359024,uIwzTUzmXto
111387,tt2479800,_7Q3oeHsIj0
111617,tt1086772,8MuWt2X59fo
111622,tt1980929,uTRCxOE7Xzc
111659,tt1587310,w-XO4XiRop0
111743,tt2557490,B9wd8PHPYn8
111759,tt1631867,yUmSVcttXnI
111795,tt1647668,lEtNIoPxcq8
111921,tt2582846,9ItBvH5J6ss
111944,tt1425922,sOT5QY2bxxo
112138,tt2294449,qP755JkDxyM
112175,tt1646971,WCWJL6D1SZA
112183,tt2562232,2bqh-UCY6Zg
112245,tt2334896,tJbR_ase5fY
112288,tt3125472,c9aXypS_uAg
112290,tt1065073,ESVgF4P221E
112303,tt2239832,N8b6kVSZNLE
112316,tt1742044,tL2iILHUsG0
112370,tt2109248,EOmpqg1YoWU
112450,tt2398249,p3SM7JXL7fs
112497,tt2103254,eejJiKQe50k
112552,tt2582802,7d_jQycdQGo
112556,tt2267998,JU9PdgB3rsk
112623,tt2103281,DpSaTrW4leg
112727,tt2377322,j1SDtKoTkzc
112749,tt2465146,hX5pXdUw8Is
112788,tt1956620,sxl4aOyHSwo
112804,tt2884206,Mk4briOLrTQ
112818,tt2975578,XzFCDqKE4yA
112852,tt2015381,b7yOuhI1dzU
112868,tt2910814,oXV_CU_ryKs
112897,tt2333784,MO-vY3I7M74
112909,tt1198101,ejLkqtbCPsY
112911,tt1267297,HydiAICZq6I
112940,tt1972571,OUyYBrlF_W8
112946,tt2870708,kw8VCDx399I
113071,tt2183034,JMlcdEtAiBA
113207,tt2473602,Gyl4Q-sPFv8
113252,tt3504048,Kyy6DzlIPUw
113275,tt2980648,yEO1TWeM5JU
113300,tt2914838,bfcvdZSvyIc
113345,tt1617661,THVFkk-sEus
113348,tt1291150,dwXFsrp6WBs
113453,tt1924435,Mx03VkB-TPE
113604,tt1355630,m9hZ40TJ0zs
113780,tt2870612,wVuv1Ey3oIM
114007,tt1726592,Sx_BayaYx_0
114013,tt2800038,EW0Ocr0Ikpw
114033,tt2106361,eierBlblwec
114035,tt1666335,bNxMo9xAy1c
114074,tt1571249,nhULZJDXLaE
114180,tt1790864,64-iSYVmMVY
114182,tt2011159,G5VeowxERwM
114392,tt2398231,kCFaTffMMeE
114439,tt2402157,-m8V7G7e7gw
114492,tt3569356,nqRxlXWu-E4
114601,tt1371150,fH0cEP0mvlU
114662,tt2179136,5bP1f_1o-zo
114670,tt3099498,BCQJnOn0ru0
114713,tt3322940,jdUysoK6tdQ
114760,tt2955096,lUXJj47eEVo
114847,tt1971325,kyacm2FNSO4
114849,tt1085492,uMNKLvD2F1k
114856,tt1376213,L4Yn8VZCtY4
114980,tt2349460,k9HLF2K9pFM
115147,tt1972779,BSX6HaOlNcw
115151,tt2556874,Y6qJU5VtIVg
115170,tt1872194,ZBvK6ni97W8
115210,tt2713180,q94n3eWOWXM
115220,tt2095649,bFYmYWa348c
115231,tt2170593,F2hpByvgfyI
115381,tt1698641,Z_dideF5qvk
115414,tt2467046,GrXe8YDbzYs
115534,tt1204977,xBLmBdn2QF8
115569,tt2872718,UXnKOuUHQAI
115617,tt2245084,z3biFxZIJOQ
115664,tt2262227,mP01tEMzt40
115824,tt2473794,7GKlo2xWvuI
115909,tt1575694,O3MsVkfYwJg
116207,tt2249221,G4LB6RQXp1w
116213,tt1762399,P7lBKBxIwGM
116215,tt1679332,VGByey3BSjY
116261,tt1238834,6UXsJcTJ9xs
116419,tt2968804,sTv-GMuSokI
116499,tt1239462,zen6Pt4WYNA
116797,tt2084970,j2jRs4EAvWM
116799,tt1791528,BTRMkQzFYHI
116817,tt1798243,Xq6XgPSgzmA
116823,tt1951265,C_Tsj_wTJkQ
116841,tt2752688,GGOYHIqmmiM
116887,tt1528100,N4iSzHXOUEE
116893,tt1921149,VN08JrXZ9eM
116977,tt2096672,bIqvQFqPavA
117176,tt2980516,hpHwdcKDRfI
117194,tt2978462,gMDymk_gx3A
117308,tt2247476,qT0aE4iAnJo
117456,tt3125324,sfcfZn8nq3w
117466,tt1390411,TAqNRH6arUI
117561,tt1639397,cCbLkfiJt4E
117590,tt2170439,IHF89tYikKg
117594,tt1865346,wS66fv-BXAA
117851,tt1911658,KHGHEpUeUwo
117861,tt2883434,yqlE-7PP7Ho
117871,tt3007512,m1we2p9QrYI
117881,tt3316960,1cpDFHcWGak
117887,tt1109624,qFuzMlfZGWM
118248,tt1274586,Q48g1ijnSlI
118258,tt1319716,lqV1YTiVtU4
118354,tt1216491,VW4XO-52ubE
118696,tt2310332,ZSzeFFsKEt4
118700,tt1020072,x6t7vVTxaic
118702,tt1809398,kk1M_HwmFMM
118862,tt2017486,_7tOgHYnvgE
118876,tt1487931,rN0gwblPifo
118898,tt2937898,ySWXwXlXlQU
118900,tt2305051,xOPl8gKdmYE
118924,tt2784678,jejCmmawzLY
118985,tt1126590,2xD9uTlh5hI
118997,tt2180411,2Byk9Is3TjY
119141,tt2788710,9oVzgybbU3M
119155,tt2692250,Hr1fFMp0MqU
119224,tt2609758,2zFenzWARtc
119565,tt3877200,trjxmsqyryg
119655,tt1121096,F4zX--5Ils8
120132,tt1823664,nasLuiP-1E0
120466,tt1823672,HhNshgSYF_M
120635,tt2446042,r0EPt7-J1eY
120637,tt2717822,qlA-12MkXOQ
120952,tt1869425,YffyNCmZEwA
121023,tt1224378,Wsp0CPYXvo4
121103,tt1702443,COJCN3Mhr14
121135,tt1913166,XKaNQBgCwg4
121155,tt2609912,uX0N972soEg
121231,tt3235888,HkZYbOH0ujw
122490,tt2761578,seWYHfhx80U
122932,tt2113659,TnORJy_2tzg
123553,tt2379386,CFZ0YAqjQh4
124332,tt2243621,HF_oaTD1rXg
124859,tt2039393,Y5gPQXbFs9Y
125914,tt3045616,aW_sfxUnbZA
125916,tt2322441,S7jE27USh68
126393,tt1403241,NTlHVvvC4U0
126420,tt2923316,QY_IOn0fsc0
126548,tt1666801,cISh0wmeZBQ
126552,tt1282046,PvuMEwjT_u4
126775,tt3230082,AXru7gOWV-I
126919,tt3074732,zne8tM9B2_4
127096,tt2436386,KnGcWVoxftI
127108,tt2381111,15syDwC000k
127132,tt3346224,djHd68RfzIo
127182,tt2494384,WqG_uMFLszU
127196,tt3172532,0mkyrd8twIY
127198,tt3850214,sNlSBM8jVOY
127585,tt2165765,G4O_kgSEcH0
128488,tt2231253,7fJGbTfFPkM
128544,tt3145220,_KvwkDOdpAg
128592,tt3181822,MgbBwovOOoc
128832,tt2474024,JtG2DJnLBEk
128975,tt2637294,nWa4INxk4y4
129350,tt2081194,gxX5KYygsBc
129354,tt2381941,6vY9UPiI4eQ
129370,tt2279373,TGjbpO1toTc
129372,tt1841642,dASLktIcTaY
129428,tt2555736,3REYWGRmLnQ
129659,tt2097298,74eJaVQFybI
129707,tt2918436,WGfOyzyK2cQ
129737,tt2358925,8yb9Dn2mnMg
129830,tt1620449,DXZ7AiuueH0
129845,tt2295722,Wys_7B16BVY
129937,tt2199571,7uDuFh-nC-c
130069,tt3110770,OMCqC2ZDEqE
130073,tt1661199,n44EWI92Tc8
130490,tt2908446,7Ql1T41Jw5U
130520,tt2224026,4ALMl1nTPdA
130578,tt2515034,Ug9xufczPVE
130588,tt2515030,xrABnKrSqds
131013,tt2561572,lEqrpuU9fYI
